{
    "theme_name": "Bootstrap 4 Color Pallet",
    "theme_colors": [
      {
        "primary": [ { "name": "Primary", "hex": "#007bff", "rgb":"0,123,255", "color_name": "" } ],
        "secondary": [ { "name": "Secondary", "hex": "#6c757d", "rgb":"108,117,128", "color_name": "" } ],
        "success": [ { "name": "Success", "hex": "#28a745", "rgb":"40,167,69", "color_name": "" } ],
        "danger": [ { "name": "Danger", "hex": "#dc3545", "rgb":"220,53,69", "color_name": "" } ],
        "warn": [ { "name": "Warn", "hex": "#ffc107", "rgb":"255,193,7", "color_name": "" } ],
        "info": [ { "name": "Info", "hex": "#17a2b8", "rgb":"23,162,184", "color_name": "" } ],
        "light": [ { "name": "Light", "hex": "#f8f9fa", "rgb":"248,249,250", "color_name": "" } ],
        "dark": [ { "name": "Dark", "hex": "#343a40", "rgb":"52,58,64", "color_name": "" } ]
      },
      {
        "bg_primary": [ { "name": "Blue", "hex": "", "rgb":"", "color_name": "" } ],
        "bg_secondary": [ { "name": "Gray", "hex": "", "rgb":"", "color_name": "" } ],
        "bg_success": [ { "name": "Green", "hex": "", "rgb":"", "color_name": "" } ],
        "bg_danger": [ { "name": "Red", "hex": "", "rgb":"", "color_name": "" } ],
        "bg_warn": [ { "name": "Gold", "hex": "", "rgb":"", "color_name": "" } ],
        "bg_info": [ { "name": "Aqua", "hex": "", "rgb":"", "color_name": "" } ],
        "bg_light": [ { "name": "Black", "hex": "", "rgb":"", "color_name": "" } ],
        "bg_dark": [ { "name": "White", "hex": "", "rgb":"", "color_name": "" } ]
      },
      {
        "red": [ { "name": "Red", "hex": "#dc3545", "rgb":"220,53,69", "color_name": "" } ],
        "green": [ { "name": "Green", "hex": "#28a745", "rgb":"40,167,69", "color_name": "" } ],
        "blue": [ { "name": "Blue", "hex": "#007bff", "rgb":"0,123,255", "color_name": "" } ],
        "indigo": [ { "name": "Indigo", "hex": "#6610f2", "rgb":"102,16,242", "color_name": "" } ],
        "purple": [ { "name": "Purple", "hex": "#6f42c1", "rgb":"111,66,193", "color_name": "" } ],
        "cyan": [ { "name": "Cyan", "hex": "#17a2b8", "rgb":"23,162,184", "color_name": "" } ],
        "orange": [ { "name": "Orange", "hex": "#fd7e14", "rgb":"253,126,20", "color_name": "" } ],
        "yellow": [ { "name": "Yellow", "hex": "#ffc107", "rgb":"255,193,7", "color_name": "" } ]
      },
      {
        "bg_red": [ { "name": "Red", "hex": "", "rgb":"", "color_name": "" } ],
        "bg_green": [ { "name": "Green", "hex": "", "rgb":"", "color_name": "" } ],
        "bg_blue": [ { "name": "Blue", "hex": "", "rgb":"", "color_name": "" } ],
        "bg_indigo": [ { "name": "Indigo", "hex": "", "rgb":"", "color_name": "" } ],
        "bg_purple": [ { "name": "Purple", "hex": "", "rgb":"", "color_name": "" } ],
        "bg_cyan": [ { "name": "Cyan", "hex": "", "rgb":"", "color_name": "" } ],
        "bg_orange": [ { "name": "Orange", "hex": "", "rgb":"", "color_name": "" } ],
        "bg_yellow": [ { "name": "Yellow", "hex": "", "rgb":"", "color_name": "" } ]
      },
      {
        // Gray-Scale Pallet is technical a nine point scale that starts at Theme-Light and ends one 
        // shade darker than Theme-Dark. 
        "gs100": [ { "name": "Gray-Scale 100", "hex": "#f8f9fa", "rgb":"248,249,250", "color_name": "" } ],
        "gs200": [ { "name": "Gray-Scale 200", "hex": "#e9ecef", "rgb":"233,236,239", "color_name": "" } ],
        "gs300": [ { "name": "Gray-Scale 300", "hex": "#dee2e6", "rgb":"222,226,230", "color_name": "" } ],
        "gs400": [ { "name": "Gray-Scale 400", "hex": "#ced4da", "rgb":"206,212,218", "color_name": "" } ],
        "gs500": [ { "name": "Gray-Scale 500", "hex": "#adb5bd", "rgb":"173,181,189", "color_name": "" } ],
        "gs600": [ { "name": "Gray-Scale 600", "hex": "#6c757d", "rgb":"108,117,125", "color_name": "" } ],
        "gs700": [ { "name": "Gray-Scale 700", "hex": "#495057", "rgb":"73,80,87", "color_name": "" } ],
        "gs800": [ { "name": "Gray-Scale 800", "hex": "#212529", "rgb":"33,37,41", "color_name": "" } ]
      }
    ]
  }